{
    "packages": [
        {
            "name": "maennchen/zipstream-php",
            "version": "3.1.0",
            "version_normalized": "3.1.0.0",
            "source": {
                "type": "git",
                "url": "https://github.com/maennchen/ZipStream-PHP.git",
                "reference": "b8174494eda667f7d13876b4a7bfef0f62a7c0d1"
            },
            "dist": {
                "type": "zip",
                "url": "https://api.github.com/repos/maennchen/ZipStream-PHP/zipball/b8174494eda667f7d13876b4a7bfef0f62a7c0d1",
                "reference": "b8174494eda667f7d13876b4a7bfef0f62a7c0d1",
                "shasum": ""
            },
            "require": {
                "ext-mbstring": "*",
                "ext-zlib": "*",
                "php-64bit": "^8.1"
            },
            "require-dev": {
                "ext-zip": "*",
                "friendsofphp/php-cs-fixer": "^3.16",
                "guzzlehttp/guzzle": "^7.5",
                "mikey179/vfsstream": "^1.6",
                "php-coveralls/php-coveralls": "^2.5",
                "phpunit/phpunit": "^10.0",
                "vimeo/psalm": "^5.0"
            },
            "suggest": {
                "guzzlehttp/psr7": "^2.4",
                "psr/http-message": "^2.0"
            },
            "time": "2023-06-21T14:59:35+00:00",
            "type": "library",
            "installation-source": "dist",
            "autoload": {
                "psr-4": {
                    "ZipStream\\": "src/"
                }
            },
            "notification-url": "https://packagist.org/downloads/",
            "license": [
                "MIT"
            ],
            "authors": [
                {
                    "name": "Paul Duncan",
                    "email": "pabs@pablotron.org"
                },
                {
                    "name": "Jonatan Männchen",
                    "email": "jonatan@maennchen.ch"
                },
                {
                    "name": "Jesse Donat",
                    "email": "donatj@gmail.com"
                },
                {
                    "name": "András Kolesár",
                    "email": "kolesar@kolesar.hu"
                }
            ],
            "description": "ZipStream is a library for dynamically streaming dynamic zip files from PHP without writing to the disk at all on the server.",
            "keywords": [
                "stream",
                "zip"
            ],
            "support": {
                "issues": "https://github.com/maennchen/ZipStream-PHP/issues",
                "source": "https://github.com/maennchen/ZipStream-PHP/tree/3.1.0"
            },
            "funding": [
                {
                    "url": "https://github.com/maennchen",
                    "type": "github"
                },
                {
                    "url": "https://opencollective.com/zipstream",
                    "type": "open_collective"
                }
            ],
            "install-path": "../maennchen/zipstream-php"
        },
        {
            "name": "markbaker/complex",
            "version": "3.0.2",
            "version_normalized": "3.0.2.0",
            "source": {
                "type": "git",
                "url": "https://github.com/MarkBaker/PHPComplex.git",
                "reference": "95c56caa1cf5c766ad6d65b6344b807c1e8405b9"
            },
            "dist": {
                "type": "zip",
                "url": "https://api.github.com/repos/MarkBaker/PHPComplex/zipball/95c56caa1cf5c766ad6d65b6344b807c1e8405b9",
                "reference": "95c56caa1cf5c766ad6d65b6344b807c1e8405b9",
                "shasum": ""
            },
            "require": {
                "php": "^7.2 || ^8.0"
            },
            "require-dev": {
                "dealerdirect/phpcodesniffer-composer-installer": "dev-master",
                "phpcompatibility/php-compatibility": "^9.3",
                "phpunit/phpunit": "^7.0 || ^8.0 || ^9.0",
                "squizlabs/php_codesniffer": "^3.7"
            },
            "time": "2022-12-06T16:21:08+00:00",
            "type": "library",
            "installation-source": "dist",
            "autoload": {
                "psr-4": {
                    "Complex\\": "classes/src/"
                }
            },
            "notification-url": "https://packagist.org/downloads/",
            "license": [
                "MIT"
            ],
            "authors": [
                {
                    "name": "Mark Baker",
                    "email": "mark@lange.demon.co.uk"
                }
            ],
            "description": "PHP Class for working with complex numbers",
            "homepage": "https://github.com/MarkBaker/PHPComplex",
            "keywords": [
                "complex",
                "mathematics"
            ],
            "support": {
                "issues": "https://github.com/MarkBaker/PHPComplex/issues",
                "source": "https://github.com/MarkBaker/PHPComplex/tree/3.0.2"
            },
            "install-path": "../markbaker/complex"
        },
        {
            "name": "markbaker/matrix",
            "version": "3.0.1",
            "version_normalized": "3.0.1.0",
            "source": {
                "type": "git",
                "url": "https://github.com/MarkBaker/PHPMatrix.git",
                "reference": "728434227fe21be27ff6d86621a1b13107a2562c"
            },
            "dist": {
                "type": "zip",
                "url": "https://api.github.com/repos/MarkBaker/PHPMatrix/zipball/728434227fe21be27ff6d86621a1b13107a2562c",
                "reference": "728434227fe21be27ff6d86621a1b13107a2562c",
                "shasum": ""
            },
            "require": {
                "php": "^7.1 || ^8.0"
            },
            "require-dev": {
                "dealerdirect/phpcodesniffer-composer-installer": "dev-master",
                "phpcompatibility/php-compatibility": "^9.3",
                "phpdocumentor/phpdocumentor": "2.*",
                "phploc/phploc": "^4.0",
                "phpmd/phpmd": "2.*",
                "phpunit/phpunit": "^7.0 || ^8.0 || ^9.0",
                "sebastian/phpcpd": "^4.0",
                "squizlabs/php_codesniffer": "^3.7"
            },
            "time": "2022-12-02T22:17:43+00:00",
            "type": "library",
            "installation-source": "dist",
            "autoload": {
                "psr-4": {
                    "Matrix\\": "classes/src/"
                }
            },
            "notification-url": "https://packagist.org/downloads/",
            "license": [
                "MIT"
            ],
            "authors": [
                {
                    "name": "Mark Baker",
                    "email": "mark@demon-angel.eu"
                }
            ],
            "description": "PHP Class for working with matrices",
            "homepage": "https://github.com/MarkBaker/PHPMatrix",
            "keywords": [
                "mathematics",
                "matrix",
                "vector"
            ],
            "support": {
                "issues": "https://github.com/MarkBaker/PHPMatrix/issues",
                "source": "https://github.com/MarkBaker/PHPMatrix/tree/3.0.1"
            },
            "install-path": "../markbaker/matrix"
        },
        {
            "name": "phpoffice/phpspreadsheet",
            "version": "2.0.0",
            "version_normalized": "2.0.0.0",
            "source": {
                "type": "git",
                "url": "https://github.com/PHPOffice/PhpSpreadsheet.git",
                "reference": "4a77798f835119754961a97714f135826a323caa"
            },
            "dist": {
                "type": "zip",
                "url": "https://api.github.com/repos/PHPOffice/PhpSpreadsheet/zipball/4a77798f835119754961a97714f135826a323caa",
                "reference": "4a77798f835119754961a97714f135826a323caa",
                "shasum": ""
            },
            "require": {
                "ext-ctype": "*",
                "ext-dom": "*",
                "ext-fileinfo": "*",
                "ext-gd": "*",
                "ext-iconv": "*",
                "ext-libxml": "*",
                "ext-mbstring": "*",
                "ext-simplexml": "*",
                "ext-xml": "*",
                "ext-xmlreader": "*",
                "ext-xmlwriter": "*",
                "ext-zip": "*",
                "ext-zlib": "*",
                "maennchen/zipstream-php": "^2.1 || ^3.0",
                "markbaker/complex": "^3.0",
                "markbaker/matrix": "^3.0",
                "php": "^8.0",
                "psr/http-client": "^1.0",
                "psr/http-factory": "^1.0",
                "psr/simple-cache": "^1.0 || ^2.0 || ^3.0",
                "voku/anti-xss": "^4.1"
            },
            "require-dev": {
                "dealerdirect/phpcodesniffer-composer-installer": "dev-main",
                "dompdf/dompdf": "^2.0",
                "friendsofphp/php-cs-fixer": "^3.2",
                "mitoteam/jpgraph": "^10.3",
                "mpdf/mpdf": "^8.1.1",
                "phpcompatibility/php-compatibility": "^9.3",
                "phpstan/phpstan": "^1.1",
                "phpstan/phpstan-phpunit": "^1.0",
                "phpunit/phpunit": "^9.6",
                "squizlabs/php_codesniffer": "^3.7",
                "tecnickcom/tcpdf": "^6.5"
            },
            "suggest": {
                "dompdf/dompdf": "Option for rendering PDF with PDF Writer",
                "ext-intl": "PHP Internationalization Functions",
                "mitoteam/jpgraph": "Option for rendering charts, or including charts with PDF or HTML Writers",
                "mpdf/mpdf": "Option for rendering PDF with PDF Writer",
                "tecnickcom/tcpdf": "Option for rendering PDF with PDF Writer"
            },
            "time": "2024-01-24T10:41:42+00:00",
            "type": "library",
            "installation-source": "dist",
            "autoload": {
                "psr-4": {
                    "PhpOffice\\PhpSpreadsheet\\": "src/PhpSpreadsheet"
                }
            },
            "notification-url": "https://packagist.org/downloads/",
            "license": [
                "MIT"
            ],
            "authors": [
                {
                    "name": "Maarten Balliauw",
                    "homepage": "https://blog.maartenballiauw.be"
                },
                {
                    "name": "Mark Baker",
                    "homepage": "https://markbakeruk.net"
                },
                {
                    "name": "Franck Lefevre",
                    "homepage": "https://rootslabs.net"
                },
                {
                    "name": "Erik Tilt"
                },
                {
                    "name": "Adrien Crivelli"
                }
            ],
            "description": "PHPSpreadsheet - Read, Create and Write Spreadsheet documents in PHP - Spreadsheet engine",
            "homepage": "https://github.com/PHPOffice/PhpSpreadsheet",
            "keywords": [
                "OpenXML",
                "excel",
                "gnumeric",
                "ods",
                "php",
                "spreadsheet",
                "xls",
                "xlsx"
            ],
            "support": {
                "issues": "https://github.com/PHPOffice/PhpSpreadsheet/issues",
                "source": "https://github.com/PHPOffice/PhpSpreadsheet/tree/2.0.0"
            },
            "install-path": "../phpoffice/phpspreadsheet"
        },
        {
            "name": "psr/http-client",
            "version": "1.0.3",
            "version_normalized": "1.0.3.0",
            "source": {
                "type": "git",
                "url": "https://github.com/php-fig/http-client.git",
                "reference": "bb5906edc1c324c9a05aa0873d40117941e5fa90"
            },
            "dist": {
                "type": "zip",
                "url": "https://api.github.com/repos/php-fig/http-client/zipball/bb5906edc1c324c9a05aa0873d40117941e5fa90",
                "reference": "bb5906edc1c324c9a05aa0873d40117941e5fa90",
                "shasum": ""
            },
            "require": {
                "php": "^7.0 || ^8.0",
                "psr/http-message": "^1.0 || ^2.0"
            },
            "time": "2023-09-23T14:17:50+00:00",
            "type": "library",
            "extra": {
                "branch-alias": {
                    "dev-master": "1.0.x-dev"
                }
            },
            "installation-source": "dist",
            "autoload": {
                "psr-4": {
                    "Psr\\Http\\Client\\": "src/"
                }
            },
            "notification-url": "https://packagist.org/downloads/",
            "license": [
                "MIT"
            ],
            "authors": [
                {
                    "name": "PHP-FIG",
                    "homepage": "https://www.php-fig.org/"
                }
            ],
            "description": "Common interface for HTTP clients",
            "homepage": "https://github.com/php-fig/http-client",
            "keywords": [
                "http",
                "http-client",
                "psr",
                "psr-18"
            ],
            "support": {
                "source": "https://github.com/php-fig/http-client"
            },
            "install-path": "../psr/http-client"
        },
        {
            "name": "psr/http-factory",
            "version": "1.0.2",
            "version_normalized": "1.0.2.0",
            "source": {
                "type": "git",
                "url": "https://github.com/php-fig/http-factory.git",
                "reference": "e616d01114759c4c489f93b099585439f795fe35"
            },
            "dist": {
                "type": "zip",
                "url": "https://api.github.com/repos/php-fig/http-factory/zipball/e616d01114759c4c489f93b099585439f795fe35",
                "reference": "e616d01114759c4c489f93b099585439f795fe35",
                "shasum": ""
            },
            "require": {
                "php": ">=7.0.0",
                "psr/http-message": "^1.0 || ^2.0"
            },
            "time": "2023-04-10T20:10:41+00:00",
            "type": "library",
            "extra": {
                "branch-alias": {
                    "dev-master": "1.0.x-dev"
                }
            },
            "installation-source": "dist",
            "autoload": {
                "psr-4": {
                    "Psr\\Http\\Message\\": "src/"
                }
            },
            "notification-url": "https://packagist.org/downloads/",
            "license": [
                "MIT"
            ],
            "authors": [
                {
                    "name": "PHP-FIG",
                    "homepage": "https://www.php-fig.org/"
                }
            ],
            "description": "Common interfaces for PSR-7 HTTP message factories",
            "keywords": [
                "factory",
                "http",
                "message",
                "psr",
                "psr-17",
                "psr-7",
                "request",
                "response"
            ],
            "support": {
                "source": "https://github.com/php-fig/http-factory/tree/1.0.2"
            },
            "install-path": "../psr/http-factory"
        },
        {
            "name": "psr/http-message",
            "version": "2.0",
            "version_normalized": "2.0.0.0",
            "source": {
                "type": "git",
                "url": "https://github.com/php-fig/http-message.git",
                "reference": "402d35bcb92c70c026d1a6a9883f06b2ead23d71"
            },
            "dist": {
                "type": "zip",
                "url": "https://api.github.com/repos/php-fig/http-message/zipball/402d35bcb92c70c026d1a6a9883f06b2ead23d71",
                "reference": "402d35bcb92c70c026d1a6a9883f06b2ead23d71",
                "shasum": ""
            },
            "require": {
                "php": "^7.2 || ^8.0"
            },
            "time": "2023-04-04T09:54:51+00:00",
            "type": "library",
            "extra": {
                "branch-alias": {
                    "dev-master": "2.0.x-dev"
                }
            },
            "installation-source": "dist",
            "autoload": {
                "psr-4": {
                    "Psr\\Http\\Message\\": "src/"
                }
            },
            "notification-url": "https://packagist.org/downloads/",
            "license": [
                "MIT"
            ],
            "authors": [
                {
                    "name": "PHP-FIG",
                    "homepage": "https://www.php-fig.org/"
                }
            ],
            "description": "Common interface for HTTP messages",
            "homepage": "https://github.com/php-fig/http-message",
            "keywords": [
                "http",
                "http-message",
                "psr",
                "psr-7",
                "request",
                "response"
            ],
            "support": {
                "source": "https://github.com/php-fig/http-message/tree/2.0"
            },
            "install-path": "../psr/http-message"
        },
        {
            "name": "psr/simple-cache",
            "version": "3.0.0",
            "version_normalized": "3.0.0.0",
            "source": {
                "type": "git",
                "url": "https://github.com/php-fig/simple-cache.git",
                "reference": "764e0b3939f5ca87cb904f570ef9be2d78a07865"
            },
            "dist": {
                "type": "zip",
                "url": "https://api.github.com/repos/php-fig/simple-cache/zipball/764e0b3939f5ca87cb904f570ef9be2d78a07865",
                "reference": "764e0b3939f5ca87cb904f570ef9be2d78a07865",
                "shasum": ""
            },
            "require": {
                "php": ">=8.0.0"
            },
            "time": "2021-10-29T13:26:27+00:00",
            "type": "library",
            "extra": {
                "branch-alias": {
                    "dev-master": "3.0.x-dev"
                }
            },
            "installation-source": "dist",
            "autoload": {
                "psr-4": {
                    "Psr\\SimpleCache\\": "src/"
                }
            },
            "notification-url": "https://packagist.org/downloads/",
            "license": [
                "MIT"
            ],
            "authors": [
                {
                    "name": "PHP-FIG",
                    "homepage": "https://www.php-fig.org/"
                }
            ],
            "description": "Common interfaces for simple caching",
            "keywords": [
                "cache",
                "caching",
                "psr",
                "psr-16",
                "simple-cache"
            ],
            "support": {
                "source": "https://github.com/php-fig/simple-cache/tree/3.0.0"
            },
            "install-path": "../psr/simple-cache"
        },
        {
            "name": "symfony/polyfill-iconv",
            "version": "v1.28.0",
            "version_normalized": "1.28.0.0",
            "source": {
                "type": "git",
                "url": "https://github.com/symfony/polyfill-iconv.git",
                "reference": "6de50471469b8c9afc38164452ab2b6170ee71c1"
            },
            "dist": {
                "type": "zip",
                "url": "https://api.github.com/repos/symfony/polyfill-iconv/zipball/6de50471469b8c9afc38164452ab2b6170ee71c1",
                "reference": "6de50471469b8c9afc38164452ab2b6170ee71c1",
                "shasum": ""
            },
            "require": {
                "php": ">=7.1"
            },
            "provide": {
                "ext-iconv": "*"
            },
            "suggest": {
                "ext-iconv": "For best performance"
            },
            "time": "2023-01-26T09:26:14+00:00",
            "type": "library",
            "extra": {
                "branch-alias": {
                    "dev-main": "1.28-dev"
                },
                "thanks": {
                    "name": "symfony/polyfill",
                    "url": "https://github.com/symfony/polyfill"
                }
            },
            "installation-source": "dist",
            "autoload": {
                "files": [
                    "bootstrap.php"
                ],
                "psr-4": {
                    "Symfony\\Polyfill\\Iconv\\": ""
                }
            },
            "notification-url": "https://packagist.org/downloads/",
            "license": [
                "MIT"
            ],
            "authors": [
                {
                    "name": "Nicolas Grekas",
                    "email": "p@tchwork.com"
                },
                {
                    "name": "Symfony Community",
                    "homepage": "https://symfony.com/contributors"
                }
            ],
            "description": "Symfony polyfill for the Iconv extension",
            "homepage": "https://symfony.com",
            "keywords": [
                "compatibility",
                "iconv",
                "polyfill",
                "portable",
                "shim"
            ],
            "support": {
                "source": "https://github.com/symfony/polyfill-iconv/tree/v1.28.0"
            },
            "funding": [
                {
                    "url": "https://symfony.com/sponsor",
                    "type": "custom"
                },
                {
                    "url": "https://github.com/fabpot",
                    "type": "github"
                },
                {
                    "url": "https://tidelift.com/funding/github/packagist/symfony/symfony",
                    "type": "tidelift"
                }
            ],
            "install-path": "../symfony/polyfill-iconv"
        },
        {
            "name": "symfony/polyfill-intl-grapheme",
            "version": "v1.28.0",
            "version_normalized": "1.28.0.0",
            "source": {
                "type": "git",
                "url": "https://github.com/symfony/polyfill-intl-grapheme.git",
                "reference": "875e90aeea2777b6f135677f618529449334a612"
            },
            "dist": {
                "type": "zip",
                "url": "https://api.github.com/repos/symfony/polyfill-intl-grapheme/zipball/875e90aeea2777b6f135677f618529449334a612",
                "reference": "875e90aeea2777b6f135677f618529449334a612",
                "shasum": ""
            },
            "require": {
                "php": ">=7.1"
            },
            "suggest": {
                "ext-intl": "For best performance"
            },
            "time": "2023-01-26T09:26:14+00:00",
            "type": "library",
            "extra": {
                "branch-alias": {
                    "dev-main": "1.28-dev"
                },
                "thanks": {
                    "name": "symfony/polyfill",
                    "url": "https://github.com/symfony/polyfill"
                }
            },
            "installation-source": "dist",
            "autoload": {
                "files": [
                    "bootstrap.php"
                ],
                "psr-4": {
                    "Symfony\\Polyfill\\Intl\\Grapheme\\": ""
                }
            },
            "notification-url": "https://packagist.org/downloads/",
            "license": [
                "MIT"
            ],
            "authors": [
                {
                    "name": "Nicolas Grekas",
                    "email": "p@tchwork.com"
                },
                {
                    "name": "Symfony Community",
                    "homepage": "https://symfony.com/contributors"
                }
            ],
            "description": "Symfony polyfill for intl's grapheme_* functions",
            "homepage": "https://symfony.com",
            "keywords": [
                "compatibility",
                "grapheme",
                "intl",
                "polyfill",
                "portable",
                "shim"
            ],
            "support": {
                "source": "https://github.com/symfony/polyfill-intl-grapheme/tree/v1.28.0"
            },
            "funding": [
                {
                    "url": "https://symfony.com/sponsor",
                    "type": "custom"
                },
                {
                    "url": "https://github.com/fabpot",
                    "type": "github"
                },
                {
                    "url": "https://tidelift.com/funding/github/packagist/symfony/symfony",
                    "type": "tidelift"
                }
            ],
            "install-path": "../symfony/polyfill-intl-grapheme"
        },
        {
            "name": "symfony/polyfill-intl-normalizer",
            "version": "v1.28.0",
            "version_normalized": "1.28.0.0",
            "source": {
                "type": "git",
                "url": "https://github.com/symfony/polyfill-intl-normalizer.git",
                "reference": "8c4ad05dd0120b6a53c1ca374dca2ad0a1c4ed92"
            },
            "dist": {
                "type": "zip",
                "url": "https://api.github.com/repos/symfony/polyfill-intl-normalizer/zipball/8c4ad05dd0120b6a53c1ca374dca2ad0a1c4ed92",
                "reference": "8c4ad05dd0120b6a53c1ca374dca2ad0a1c4ed92",
                "shasum": ""
            },
            "require": {
                "php": ">=7.1"
            },
            "suggest": {
                "ext-intl": "For best performance"
            },
            "time": "2023-01-26T09:26:14+00:00",
            "type": "library",
            "extra": {
                "branch-alias": {
                    "dev-main": "1.28-dev"
                },
                "thanks": {
                    "name": "symfony/polyfill",
                    "url": "https://github.com/symfony/polyfill"
                }
            },
            "installation-source": "dist",
            "autoload": {
                "files": [
                    "bootstrap.php"
                ],
                "psr-4": {
                    "Symfony\\Polyfill\\Intl\\Normalizer\\": ""
                },
                "classmap": [
                    "Resources/stubs"
                ]
            },
            "notification-url": "https://packagist.org/downloads/",
            "license": [
                "MIT"
            ],
            "authors": [
                {
                    "name": "Nicolas Grekas",
                    "email": "p@tchwork.com"
                },
                {
                    "name": "Symfony Community",
                    "homepage": "https://symfony.com/contributors"
                }
            ],
            "description": "Symfony polyfill for intl's Normalizer class and related functions",
            "homepage": "https://symfony.com",
            "keywords": [
                "compatibility",
                "intl",
                "normalizer",
                "polyfill",
                "portable",
                "shim"
            ],
            "support": {
                "source": "https://github.com/symfony/polyfill-intl-normalizer/tree/v1.28.0"
            },
            "funding": [
                {
                    "url": "https://symfony.com/sponsor",
                    "type": "custom"
                },
                {
                    "url": "https://github.com/fabpot",
                    "type": "github"
                },
                {
                    "url": "https://tidelift.com/funding/github/packagist/symfony/symfony",
                    "type": "tidelift"
                }
            ],
            "install-path": "../symfony/polyfill-intl-normalizer"
        },
        {
            "name": "symfony/polyfill-mbstring",
            "version": "v1.28.0",
            "version_normalized": "1.28.0.0",
            "source": {
                "type": "git",
                "url": "https://github.com/symfony/polyfill-mbstring.git",
                "reference": "42292d99c55abe617799667f454222c54c60e229"
            },
            "dist": {
                "type": "zip",
                "url": "https://api.github.com/repos/symfony/polyfill-mbstring/zipball/42292d99c55abe617799667f454222c54c60e229",
                "reference": "42292d99c55abe617799667f454222c54c60e229",
                "shasum": ""
            },
            "require": {
                "php": ">=7.1"
            },
            "provide": {
                "ext-mbstring": "*"
            },
            "suggest": {
                "ext-mbstring": "For best performance"
            },
            "time": "2023-07-28T09:04:16+00:00",
            "type": "library",
            "extra": {
                "branch-alias": {
                    "dev-main": "1.28-dev"
                },
                "thanks": {
                    "name": "symfony/polyfill",
                    "url": "https://github.com/symfony/polyfill"
                }
            },
            "installation-source": "dist",
            "autoload": {
                "files": [
                    "bootstrap.php"
                ],
                "psr-4": {
                    "Symfony\\Polyfill\\Mbstring\\": ""
                }
            },
            "notification-url": "https://packagist.org/downloads/",
            "license": [
                "MIT"
            ],
            "authors": [
                {
                    "name": "Nicolas Grekas",
                    "email": "p@tchwork.com"
                },
                {
                    "name": "Symfony Community",
                    "homepage": "https://symfony.com/contributors"
                }
            ],
            "description": "Symfony polyfill for the Mbstring extension",
            "homepage": "https://symfony.com",
            "keywords": [
                "compatibility",
                "mbstring",
                "polyfill",
                "portable",
                "shim"
            ],
            "support": {
                "source": "https://github.com/symfony/polyfill-mbstring/tree/v1.28.0"
            },
            "funding": [
                {
                    "url": "https://symfony.com/sponsor",
                    "type": "custom"
                },
                {
                    "url": "https://github.com/fabpot",
                    "type": "github"
                },
                {
                    "url": "https://tidelift.com/funding/github/packagist/symfony/symfony",
                    "type": "tidelift"
                }
            ],
            "install-path": "../symfony/polyfill-mbstring"
        },
        {
            "name": "symfony/polyfill-php72",
            "version": "v1.28.0",
            "version_normalized": "1.28.0.0",
            "source": {
                "type": "git",
                "url": "https://github.com/symfony/polyfill-php72.git",
                "reference": "70f4aebd92afca2f865444d30a4d2151c13c3179"
            },
            "dist": {
                "type": "zip",
                "url": "https://api.github.com/repos/symfony/polyfill-php72/zipball/70f4aebd92afca2f865444d30a4d2151c13c3179",
                "reference": "70f4aebd92afca2f865444d30a4d2151c13c3179",
                "shasum": ""
            },
            "require": {
                "php": ">=7.1"
            },
            "time": "2023-01-26T09:26:14+00:00",
            "type": "library",
            "extra": {
                "branch-alias": {
                    "dev-main": "1.28-dev"
                },
                "thanks": {
                    "name": "symfony/polyfill",
                    "url": "https://github.com/symfony/polyfill"
                }
            },
            "installation-source": "dist",
            "autoload": {
                "files": [
                    "bootstrap.php"
                ],
                "psr-4": {
                    "Symfony\\Polyfill\\Php72\\": ""
                }
            },
            "notification-url": "https://packagist.org/downloads/",
            "license": [
                "MIT"
            ],
            "authors": [
                {
                    "name": "Nicolas Grekas",
                    "email": "p@tchwork.com"
                },
                {
                    "name": "Symfony Community",
                    "homepage": "https://symfony.com/contributors"
                }
            ],
            "description": "Symfony polyfill backporting some PHP 7.2+ features to lower PHP versions",
            "homepage": "https://symfony.com",
            "keywords": [
                "compatibility",
                "polyfill",
                "portable",
                "shim"
            ],
            "support": {
                "source": "https://github.com/symfony/polyfill-php72/tree/v1.28.0"
            },
            "funding": [
                {
                    "url": "https://symfony.com/sponsor",
                    "type": "custom"
                },
                {
                    "url": "https://github.com/fabpot",
                    "type": "github"
                },
                {
                    "url": "https://tidelift.com/funding/github/packagist/symfony/symfony",
                    "type": "tidelift"
                }
            ],
            "install-path": "../symfony/polyfill-php72"
        },
        {
            "name": "voku/anti-xss",
            "version": "4.1.42",
            "version_normalized": "4.1.42.0",
            "source": {
                "type": "git",
                "url": "https://github.com/voku/anti-xss.git",
                "reference": "bca1f8607e55a3c5077483615cd93bd8f11bd675"
            },
            "dist": {
                "type": "zip",
                "url": "https://api.github.com/repos/voku/anti-xss/zipball/bca1f8607e55a3c5077483615cd93bd8f11bd675",
                "reference": "bca1f8607e55a3c5077483615cd93bd8f11bd675",
                "shasum": ""
            },
            "require": {
                "php": ">=7.0.0",
                "voku/portable-utf8": "~6.0.2"
            },
            "require-dev": {
                "phpunit/phpunit": "~6.0 || ~7.0 || ~9.0"
            },
            "time": "2023-07-03T14:40:46+00:00",
            "type": "library",
            "extra": {
                "branch-alias": {
                    "dev-master": "4.1.x-dev"
                }
            },
            "installation-source": "dist",
            "autoload": {
                "psr-4": {
                    "voku\\helper\\": "src/voku/helper/"
                }
            },
            "notification-url": "https://packagist.org/downloads/",
            "license": [
                "MIT"
            ],
            "authors": [
                {
                    "name": "EllisLab Dev Team",
                    "homepage": "http://ellislab.com/"
                },
                {
                    "name": "Lars Moelleken",
                    "email": "lars@moelleken.org",
                    "homepage": "https://www.moelleken.org/"
                }
            ],
            "description": "anti xss-library",
            "homepage": "https://github.com/voku/anti-xss",
            "keywords": [
                "anti-xss",
                "clean",
                "security",
                "xss"
            ],
            "support": {
                "issues": "https://github.com/voku/anti-xss/issues",
                "source": "https://github.com/voku/anti-xss/tree/4.1.42"
            },
            "funding": [
                {
                    "url": "https://www.paypal.me/moelleken",
                    "type": "custom"
                },
                {
                    "url": "https://github.com/voku",
                    "type": "github"
                },
                {
                    "url": "https://opencollective.com/anti-xss",
                    "type": "open_collective"
                },
                {
                    "url": "https://www.patreon.com/voku",
                    "type": "patreon"
                },
                {
                    "url": "https://tidelift.com/funding/github/packagist/voku/anti-xss",
                    "type": "tidelift"
                }
            ],
            "install-path": "../voku/anti-xss"
        },
        {
            "name": "voku/portable-ascii",
            "version": "2.0.1",
            "version_normalized": "2.0.1.0",
            "source": {
                "type": "git",
                "url": "https://github.com/voku/portable-ascii.git",
                "reference": "b56450eed252f6801410d810c8e1727224ae0743"
            },
            "dist": {
                "type": "zip",
                "url": "https://api.github.com/repos/voku/portable-ascii/zipball/b56450eed252f6801410d810c8e1727224ae0743",
                "reference": "b56450eed252f6801410d810c8e1727224ae0743",
                "shasum": ""
            },
            "require": {
                "php": ">=7.0.0"
            },
            "require-dev": {
                "phpunit/phpunit": "~6.0 || ~7.0 || ~9.0"
            },
            "suggest": {
                "ext-intl": "Use Intl for transliterator_transliterate() support"
            },
            "time": "2022-03-08T17:03:00+00:00",
            "type": "library",
            "installation-source": "dist",
            "autoload": {
                "psr-4": {
                    "voku\\": "src/voku/"
                }
            },
            "notification-url": "https://packagist.org/downloads/",
            "license": [
                "MIT"
            ],
            "authors": [
                {
                    "name": "Lars Moelleken",
                    "homepage": "http://www.moelleken.org/"
                }
            ],
            "description": "Portable ASCII library - performance optimized (ascii) string functions for php.",
            "homepage": "https://github.com/voku/portable-ascii",
            "keywords": [
                "ascii",
                "clean",
                "php"
            ],
            "support": {
                "issues": "https://github.com/voku/portable-ascii/issues",
                "source": "https://github.com/voku/portable-ascii/tree/2.0.1"
            },
            "funding": [
                {
                    "url": "https://www.paypal.me/moelleken",
                    "type": "custom"
                },
                {
                    "url": "https://github.com/voku",
                    "type": "github"
                },
                {
                    "url": "https://opencollective.com/portable-ascii",
                    "type": "open_collective"
                },
                {
                    "url": "https://www.patreon.com/voku",
                    "type": "patreon"
                },
                {
                    "url": "https://tidelift.com/funding/github/packagist/voku/portable-ascii",
                    "type": "tidelift"
                }
            ],
            "install-path": "../voku/portable-ascii"
        },
        {
            "name": "voku/portable-utf8",
            "version": "6.0.13",
            "version_normalized": "6.0.13.0",
            "source": {
                "type": "git",
                "url": "https://github.com/voku/portable-utf8.git",
                "reference": "b8ce36bf26593e5c2e81b1850ef0ffb299d2043f"
            },
            "dist": {
                "type": "zip",
                "url": "https://api.github.com/repos/voku/portable-utf8/zipball/b8ce36bf26593e5c2e81b1850ef0ffb299d2043f",
                "reference": "b8ce36bf26593e5c2e81b1850ef0ffb299d2043f",
                "shasum": ""
            },
            "require": {
                "php": ">=7.0.0",
                "symfony/polyfill-iconv": "~1.0",
                "symfony/polyfill-intl-grapheme": "~1.0",
                "symfony/polyfill-intl-normalizer": "~1.0",
                "symfony/polyfill-mbstring": "~1.0",
                "symfony/polyfill-php72": "~1.0",
                "voku/portable-ascii": "~2.0.0"
            },
            "require-dev": {
                "phpstan/phpstan": "1.9.*@dev",
                "phpstan/phpstan-strict-rules": "1.4.*@dev",
                "phpunit/phpunit": "~6.0 || ~7.0 || ~9.0",
                "thecodingmachine/phpstan-strict-rules": "1.0.*@dev",
                "voku/phpstan-rules": "3.1.*@dev"
            },
            "suggest": {
                "ext-ctype": "Use Ctype for e.g. hexadecimal digit detection",
                "ext-fileinfo": "Use Fileinfo for better binary file detection",
                "ext-iconv": "Use iconv for best performance",
                "ext-intl": "Use Intl for best performance",
                "ext-json": "Use JSON for string detection",
                "ext-mbstring": "Use Mbstring for best performance"
            },
            "time": "2023-03-08T08:35:38+00:00",
            "type": "library",
            "installation-source": "dist",
            "autoload": {
                "files": [
                    "bootstrap.php"
                ],
                "psr-4": {
                    "voku\\": "src/voku/"
                }
            },
            "notification-url": "https://packagist.org/downloads/",
            "license": [
                "(Apache-2.0 or GPL-2.0)"
            ],
            "authors": [
                {
                    "name": "Nicolas Grekas",
                    "email": "p@tchwork.com"
                },
                {
                    "name": "Hamid Sarfraz",
                    "homepage": "http://pageconfig.com/"
                },
                {
                    "name": "Lars Moelleken",
                    "homepage": "http://www.moelleken.org/"
                }
            ],
            "description": "Portable UTF-8 library - performance optimized (unicode) string functions for php.",
            "homepage": "https://github.com/voku/portable-utf8",
            "keywords": [
                "UTF",
                "clean",
                "php",
                "unicode",
                "utf-8",
                "utf8"
            ],
            "support": {
                "issues": "https://github.com/voku/portable-utf8/issues",
                "source": "https://github.com/voku/portable-utf8/tree/6.0.13"
            },
            "funding": [
                {
                    "url": "https://www.paypal.me/moelleken",
                    "type": "custom"
                },
                {
                    "url": "https://github.com/voku",
                    "type": "github"
                },
                {
                    "url": "https://opencollective.com/portable-utf8",
                    "type": "open_collective"
                },
                {
                    "url": "https://www.patreon.com/voku",
                    "type": "patreon"
                },
                {
                    "url": "https://tidelift.com/funding/github/packagist/voku/portable-utf8",
                    "type": "tidelift"
                }
            ],
            "install-path": "../voku/portable-utf8"
        }
    ],
    "dev": true,
    "dev-package-names": []
}
